{"v":"5.7.4","fr":29.9700012207031,"ip":0,"op":105.000004276738,"w":800,"h":800,"nm":"Comp 1","ddd":0,"assets":[{"id":"comp_0","layers":[{"ddd":0,"ind":1,"ty":4,"nm":"chimney/home Outlines","sr":1,"ks":{"o":{"a":0,"k":100,"ix":11},"r":{"a":0,"k":0,"ix":10},"p":{"a":1,"k":[{"i":{"x":0.451,"y":0.451},"o":{"x":0.358,"y":0.358},"t":0,"s":[410,310,0],"to":[0,0,0],"ti":[0,0,0]},{"t":90.0000036657751,"s":[410,310,0]}],"ix":2,"l":2},"a":{"a":0,"k":[15.5,63.5,0],"ix":1,"l":2},"s":{"a":0,"k":[100,100,100],"ix":6,"l":2}},"ao":0,"shapes":[{"ty":"gr","it":[{"ind":0,"ty":"sh","ix":1,"ks":{"a":1,"k":[{"i":{"x":0.451,"y":1},"o":{"x":0.358,"y":0},"t":0,"s":[{"i":[[0,0],[0,0],[0,0],[0,0]],"o":[[0,0],[0,0],[0,0],[0,0]],"v":[[15.237,4.216],[-15.237,4.216],[-15.237,-4.216],[15.237,-4.216]],"c":true}]},{"t":90.0000036657751,"s":[{"i":[[0,0],[0,0],[0,0],[0,0]],"o":[[0,0],[0,0],[0,0],[0,0]],"v":[[15.237,4.216],[-15.237,4.216],[-15.237,-4.216],[15.237,-4.216]],"c":true}]}],"ix":2},"nm":"Path 1","mn":"ADBE Vector Shape - Group","hd":false},{"ty":"fl","c":{"a":0,"k":[0.788235353956,0.549019607843,0.427451010311,1],"ix":4},"o":{"a":0,"k":100,"ix":5},"r":1,"bm":0,"nm":"Fill 1","mn":"ADBE Vector Graphic - Fill","hd":false},{"ty":"tr","p":{"a":0,"k":[15.487,4.466],"ix":2},"a":{"a":0,"k":[0,0],"ix":1},"s":{"a":0,"k":[100,100],"ix":3},"r":{"a":0,"k":0,"ix":6},"o":{"a":0,"k":100,"ix":7},"sk":{"a":0,"k":0,"ix":4},"sa":{"a":0,"k":0,"ix":5},"nm":"Transform"}],"nm":"Group 1","np":2,"cix":2,"bm":0,"ix":1,"mn":"ADBE Vector Group","hd":false},{"ty":"gr","it":[{"ind":0,"ty":"sh","ix":1,"ks":{"a":1,"k":[{"i":{"x":0.132,"y":1},"o":{"x":0.716,"y":0},"t":0,"s":[{"i":[[0,0],[0,0],[0,0],[0,0],[0,0]],"o":[[0,0],[0,0],[0,0],[0,0],[0,0]],"v":[[8.948,-58.773],[6.701,58.773],[4.107,58.773],[-8.948,28.062],[-8.948,-58.773]],"c":true}]},{"i":{"x":0.258,"y":1},"o":{"x":0.333,"y":0},"t":45,"s":[{"i":[[0,0],[0,0],[0,0],[0,0],[0,0]],"o":[[0,0],[0,0],[0,0],[0,0],[0,0]],"v":[[-1.677,-58.773],[-1.612,58.773],[-4.206,58.773],[-8.948,28.062],[-8.948,-58.773]],"c":true}]},{"i":{"x":0.195,"y":1},"o":{"x":0.807,"y":0},"t":53,"s":[{"i":[[0,0],[0,0],[0,0],[0,0],[0,0]],"o":[[0,0],[0,0],[0,0],[0,0],[0,0]],"v":[[-1.677,-58.773],[-1.612,58.773],[-4.206,58.773],[-8.948,28.062],[-8.948,-58.773]],"c":true}]},{"t":90.0000036657751,"s":[{"i":[[0,0],[0,0],[0,0],[0,0],[0,0]],"o":[[0,0],[0,0],[0,0],[0,0],[0,0]],"v":[[8.948,-58.773],[6.701,58.773],[4.107,58.773],[-8.948,28.062],[-8.948,-58.773]],"c":true}]}],"ix":2},"nm":"Path 1","mn":"ADBE Vector Shape - Group","hd":false},{"ty":"fl","c":{"a":0,"k":[1,0.756862804936,0.6,1],"ix":4},"o":{"a":0,"k":100,"ix":5},"r":1,"bm":0,"nm":"Fill 1","mn":"ADBE Vector Graphic - Fill","hd":false},{"ty":"tr","p":{"a":0,"k":[9.198,67.455],"ix":2},"a":{"a":0,"k":[0,0],"ix":1},"s":{"a":0,"k":[100,100],"ix":3},"r":{"a":0,"k":0,"ix":6},"o":{"a":0,"k":100,"ix":7},"sk":{"a":0,"k":0,"ix":4},"sa":{"a":0,"k":0,"ix":5},"nm":"Transform"}],"nm":"Group 2","np":2,"cix":2,"bm":0,"ix":2,"mn":"ADBE Vector Group","hd":false},{"ty":"gr","it":[{"ind":0,"ty":"sh","ix":1,"ks":{"a":1,"k":[{"i":{"x":0.132,"y":1},"o":{"x":0.716,"y":0},"t":0,"s":[{"i":[[0,0],[0,0],[0,0],[0,0]],"o":[[0,0],[0,0],[0,0],[0,0]],"v":[[7.413,-58.773],[4.502,58.773],[-7.413,58.773],[-5.166,-58.773]],"c":true}]},{"i":{"x":0.258,"y":1},"o":{"x":0.333,"y":0},"t":45,"s":[{"i":[[0,0],[0,0],[0,0],[0,0]],"o":[[0,0],[0,0],[0,0],[0,0]],"v":[[7.413,-58.773],[4.502,58.773],[-15.726,58.773],[-15.791,-58.773]],"c":true}]},{"i":{"x":0.195,"y":1},"o":{"x":0.807,"y":0},"t":53,"s":[{"i":[[0,0],[0,0],[0,0],[0,0]],"o":[[0,0],[0,0],[0,0],[0,0]],"v":[[7.413,-58.773],[4.502,58.773],[-15.726,58.773],[-15.791,-58.773]],"c":true}]},{"t":90.0000036657751,"s":[{"i":[[0,0],[0,0],[0,0],[0,0]],"o":[[0,0],[0,0],[0,0],[0,0]],"v":[[7.413,-58.773],[4.502,58.773],[-7.413,58.773],[-5.166,-58.773]],"c":true}]}],"ix":2},"nm":"Path 1","mn":"ADBE Vector Shape - Group","hd":false},{"ty":"fl","c":{"a":0,"k":[0.886274569642,0.63137254902,0.490196108351,1],"ix":4},"o":{"a":0,"k":100,"ix":5},"r":1,"bm":0,"nm":"Fill 1","mn":"ADBE Vector Graphic - Fill","hd":false},{"ty":"tr","p":{"a":0,"k":[23.312,67.455],"ix":2},"a":{"a":0,"k":[0,0],"ix":1},"s":{"a":0,"k":[100,100],"ix":3},"r":{"a":0,"k":0,"ix":6},"o":{"a":0,"k":100,"ix":7},"sk":{"a":0,"k":0,"ix":4},"sa":{"a":0,"k":0,"ix":5},"nm":"Transform"}],"nm":"Group 3","np":2,"cix":2,"bm":0,"ix":3,"mn":"ADBE Vector Group","hd":false}],"ip":0,"op":155.000006313279,"st":0,"bm":0},{"ddd":0,"ind":2,"ty":4,"nm":"home1/home Outlines","sr":1,"ks":{"o":{"a":0,"k":100,"ix":11},"r":{"a":0,"k":0,"ix":10},"p":{"a":1,"k":[{"i":{"x":0.444,"y":0.444},"o":{"x":0.377,"y":0.377},"t":0,"s":[420,447,0],"to":[0,0,0],"ti":[0,0,0]},{"t":90.0000036657751,"s":[420,447,0]}],"ix":2,"l":2},"a":{"a":0,"k":[188.5,143.5,0],"ix":1,"l":2},"s":{"a":0,"k":[100,100,100],"ix":6,"l":2}},"ao":0,"shapes":[{"ty":"gr","it":[{"ind":0,"ty":"sh","ix":1,"ks":{"a":0,"k":{"i":[[0,0]],"o":[[0,0]],"v":[[131.5,266.5]],"c":false},"ix":2},"nm":"Path 1","mn":"ADBE Vector Shape - Group","hd":false},{"ty":"st","c":{"a":0,"k":[1,0.219607992733,0.047058999305,1],"ix":3},"o":{"a":0,"k":100,"ix":4},"w":{"a":0,"k":4,"ix":5},"lc":1,"lj":1,"ml":4,"bm":0,"nm":"Stroke 1","mn":"ADBE Vector Graphic - Stroke","hd":false},{"ty":"fl","c":{"a":0,"k":[0.239215701234,0.372549019608,0.596078431373,1],"ix":4},"o":{"a":0,"k":100,"ix":5},"r":1,"bm":0,"nm":"Fill 1","mn":"ADBE Vector Graphic - Fill","hd":false},{"ty":"tr","p":{"a":0,"k":[0,0],"ix":2},"a":{"a":0,"k":[0,0],"ix":1},"s":{"a":0,"k":[100,100],"ix":3},"r":{"a":0,"k":0,"ix":6},"o":{"a":0,"k":100,"ix":7},"sk":{"a":0,"k":0,"ix":4},"sa":{"a":0,"k":0,"ix":5},"nm":"Transform"}],"nm":"Shape 1","np":3,"cix":2,"bm":0,"ix":1,"mn":"ADBE Vector Group","hd":false},{"ty":"gr","it":[{"ind":0,"ty":"sh","ix":1,"ks":{"a":1,"k":[{"i":{"x":0.142,"y":1},"o":{"x":0.755,"y":0},"t":0,"s":[{"i":[[0,0],[0,0],[0,0],[0,0]],"o":[[0,0],[0,0],[0,0],[0,0]],"v":[[7.77,8.326],[-7.77,8.326],[-7.77,-8.326],[7.77,-8.326]],"c":true}]},{"i":{"x":0.258,"y":1},"o":{"x":0.333,"y":0},"t":45,"s":[{"i":[[0,0],[0,0],[0,0],[0,0]],"o":[[0,0],[0,0],[0,0],[0,0]],"v":[[-40.354,8.326],[-55.895,8.326],[-55.895,-8.326],[-40.354,-8.326]],"c":true}]},{"i":{"x":0.124,"y":1},"o":{"x":0.701,"y":0},"t":53,"s":[{"i":[[0,0],[0,0],[0,0],[0,0]],"o":[[0,0],[0,0],[0,0],[0,0]],"v":[[-40.354,8.326],[-55.895,8.326],[-55.895,-8.326],[-40.354,-8.326]],"c":true}]},{"t":90.0000036657751,"s":[{"i":[[0,0],[0,0],[0,0],[0,0]],"o":[[0,0],[0,0],[0,0],[0,0]],"v":[[7.77,8.326],[-7.77,8.326],[-7.77,-8.326],[7.77,-8.326]],"c":true}]}],"ix":2},"nm":"Path 1","mn":"ADBE Vector Shape - Group","hd":false},{"ty":"fl","c":{"a":0,"k":[0.239215701234,0.372549019608,0.596078431373,1],"ix":4},"o":{"a":0,"k":100,"ix":5},"r":1,"bm":0,"nm":"Fill 1","mn":"ADBE Vector Graphic - Fill","hd":false},{"ty":"tr","p":{"a":0,"k":[79.16,208.971],"ix":2},"a":{"a":0,"k":[0,0],"ix":1},"s":{"a":0,"k":[100,100],"ix":3},"r":{"a":0,"k":0,"ix":6},"o":{"a":0,"k":100,"ix":7},"sk":{"a":0,"k":0,"ix":4},"sa":{"a":0,"k":0,"ix":5},"nm":"Transform"}],"nm":"Group 1","np":2,"cix":2,"bm":0,"ix":2,"mn":"ADBE Vector Group","hd":false},{"ty":"gr","it":[{"ind":0,"ty":"sh","ix":1,"ks":{"a":1,"k":[{"i":{"x":0.142,"y":1},"o":{"x":0.755,"y":0},"t":0,"s":[{"i":[[0,0],[0,0],[0,0],[0,0]],"o":[[0,0],[0,0],[0,0],[0,0]],"v":[[7.77,8.326],[-7.77,8.326],[-7.77,-8.326],[7.77,-8.326]],"c":true}]},{"i":{"x":0.258,"y":1},"o":{"x":0.333,"y":0},"t":45,"s":[{"i":[[0,0],[0,0],[0,0],[0,0]],"o":[[0,0],[0,0],[0,0],[0,0]],"v":[[-40.354,8.326],[-55.895,8.326],[-55.895,-8.326],[-40.354,-8.326]],"c":true}]},{"i":{"x":0.124,"y":1},"o":{"x":0.701,"y":0},"t":53,"s":[{"i":[[0,0],[0,0],[0,0],[0,0]],"o":[[0,0],[0,0],[0,0],[0,0]],"v":[[-40.354,8.326],[-55.895,8.326],[-55.895,-8.326],[-40.354,-8.326]],"c":true}]},{"t":90.0000036657751,"s":[{"i":[[0,0],[0,0],[0,0],[0,0]],"o":[[0,0],[0,0],[0,0],[0,0]],"v":[[7.77,8.326],[-7.77,8.326],[-7.77,-8.326],[7.77,-8.326]],"c":true}]}],"ix":2},"nm":"Path 1","mn":"ADBE Vector Shape - Group","hd":false},{"ty":"fl","c":{"a":0,"k":[0.239215701234,0.372549019608,0.596078431373,1],"ix":4},"o":{"a":0,"k":100,"ix":5},"r":1,"bm":0,"nm":"Fill 1","mn":"ADBE Vector Graphic - Fill","hd":false},{"ty":"tr","p":{"a":0,"k":[79.16,227.622],"ix":2},"a":{"a":0,"k":[0,0],"ix":1},"s":{"a":0,"k":[100,100],"ix":3},"r":{"a":0,"k":0,"ix":6},"o":{"a":0,"k":100,"ix":7},"sk":{"a":0,"k":0,"ix":4},"sa":{"a":0,"k":0,"ix":5},"nm":"Transform"}],"nm":"Group 2","np":2,"cix":2,"bm":0,"ix":3,"mn":"ADBE Vector Group","hd":false},{"ty":"gr","it":[{"ind":0,"ty":"sh","ix":1,"ks":{"a":1,"k":[{"i":{"x":0.142,"y":1},"o":{"x":0.755,"y":0},"t":0,"s":[{"i":[[0,0],[0,0],[0,0],[0,0]],"o":[[0,0],[0,0],[0,0],[0,0]],"v":[[7.77,8.326],[-7.77,8.326],[-7.77,-8.326],[7.77,-8.326]],"c":true}]},{"i":{"x":0.258,"y":1},"o":{"x":0.333,"y":0},"t":45,"s":[{"i":[[0,0],[0,0],[0,0],[0,0]],"o":[[0,0],[0,0],[0,0],[0,0]],"v":[[-40.355,8.326],[-55.895,8.326],[-55.895,-8.326],[-40.355,-8.326]],"c":true}]},{"i":{"x":0.124,"y":1},"o":{"x":0.701,"y":0},"t":53,"s":[{"i":[[0,0],[0,0],[0,0],[0,0]],"o":[[0,0],[0,0],[0,0],[0,0]],"v":[[-40.355,8.326],[-55.895,8.326],[-55.895,-8.326],[-40.355,-8.326]],"c":true}]},{"t":90.0000036657751,"s":[{"i":[[0,0],[0,0],[0,0],[0,0]],"o":[[0,0],[0,0],[0,0],[0,0]],"v":[[7.77,8.326],[-7.77,8.326],[-7.77,-8.326],[7.77,-8.326]],"c":true}]}],"ix":2},"nm":"Path 1","mn":"ADBE Vector Shape - Group","hd":false},{"ty":"fl","c":{"a":0,"k":[0.239215701234,0.372549019608,0.596078431373,1],"ix":4},"o":{"a":0,"k":100,"ix":5},"r":1,"bm":0,"nm":"Fill 1","mn":"ADBE Vector Graphic - Fill","hd":false},{"ty":"tr","p":{"a":0,"k":[60.174,227.622],"ix":2},"a":{"a":0,"k":[0,0],"ix":1},"s":{"a":0,"k":[100,100],"ix":3},"r":{"a":0,"k":0,"ix":6},"o":{"a":0,"k":100,"ix":7},"sk":{"a":0,"k":0,"ix":4},"sa":{"a":0,"k":0,"ix":5},"nm":"Transform"}],"nm":"Group 3","np":2,"cix":2,"bm":0,"ix":4,"mn":"ADBE Vector Group","hd":false},{"ty":"gr","it":[{"ind":0,"ty":"sh","ix":1,"ks":{"a":1,"k":[{"i":{"x":0.142,"y":1},"o":{"x":0.755,"y":0},"t":0,"s":[{"i":[[0,0],[0,0],[0,0],[0,0]],"o":[[0,0],[0,0],[0,0],[0,0]],"v":[[7.77,8.326],[-7.77,8.326],[-7.77,-8.326],[7.77,-8.326]],"c":true}]},{"i":{"x":0.258,"y":1},"o":{"x":0.333,"y":0},"t":45,"s":[{"i":[[0,0],[0,0],[0,0],[0,0]],"o":[[0,0],[0,0],[0,0],[0,0]],"v":[[-40.355,8.326],[-55.895,8.326],[-55.895,-8.326],[-40.355,-8.326]],"c":true}]},{"i":{"x":0.124,"y":1},"o":{"x":0.701,"y":0},"t":53,"s":[{"i":[[0,0],[0,0],[0,0],[0,0]],"o":[[0,0],[0,0],[0,0],[0,0]],"v":[[-40.355,8.326],[-55.895,8.326],[-55.895,-8.326],[-40.355,-8.326]],"c":true}]},{"t":90.0000036657751,"s":[{"i":[[0,0],[0,0],[0,0],[0,0]],"o":[[0,0],[0,0],[0,0],[0,0]],"v":[[7.77,8.326],[-7.77,8.326],[-7.77,-8.326],[7.77,-8.326]],"c":true}]}],"ix":2},"nm":"Path 1","mn":"ADBE Vector Shape - Group","hd":false},{"ty":"fl","c":{"a":0,"k":[0.239215701234,0.372549019608,0.596078431373,1],"ix":4},"o":{"a":0,"k":100,"ix":5},"r":1,"bm":0,"nm":"Fill 1","mn":"ADBE Vector Graphic - Fill","hd":false},{"ty":"tr","p":{"a":0,"k":[60.174,208.971],"ix":2},"a":{"a":0,"k":[0,0],"ix":1},"s":{"a":0,"k":[100,100],"ix":3},"r":{"a":0,"k":0,"ix":6},"o":{"a":0,"k":100,"ix":7},"sk":{"a":0,"k":0,"ix":4},"sa":{"a":0,"k":0,"ix":5},"nm":"Transform"}],"nm":"Group 4","np":2,"cix":2,"bm":0,"ix":5,"mn":"ADBE Vector Group","hd":false},{"ty":"gr","it":[{"ind":0,"ty":"sh","ix":1,"ks":{"a":1,"k":[{"i":{"x":0.142,"y":1},"o":{"x":0.755,"y":0},"t":0,"s":[{"i":[[0,0],[0,0],[0,0],[0,0]],"o":[[0,0],[0,0],[0,0],[0,0]],"v":[[16.448,38.094],[-16.448,38.094],[-16.448,-36.094],[16.448,-36.094]],"c":true}]},{"i":{"x":0.258,"y":1},"o":{"x":0.333,"y":0},"t":45,"s":[{"i":[[0,0],[0,0],[0,0],[0,0]],"o":[[0,0],[0,0],[0,0],[0,0]],"v":[[-43.552,38.094],[-76.448,38.094],[-76.448,-36.094],[-43.552,-36.094]],"c":true}]},{"i":{"x":0.124,"y":1},"o":{"x":0.701,"y":0},"t":53,"s":[{"i":[[0,0],[0,0],[0,0],[0,0]],"o":[[0,0],[0,0],[0,0],[0,0]],"v":[[-43.552,38.094],[-76.448,38.094],[-76.448,-36.094],[-43.552,-36.094]],"c":true}]},{"t":90.0000036657751,"s":[{"i":[[0,0],[0,0],[0,0],[0,0]],"o":[[0,0],[0,0],[0,0],[0,0]],"v":[[16.448,38.094],[-16.448,38.094],[-16.448,-36.094],[16.448,-36.094]],"c":true}]}],"ix":2},"nm":"Path 1","mn":"ADBE Vector Shape - Group","hd":false},{"ty":"fl","c":{"a":0,"k":[0.239215701234,0.372549019608,0.596078431373,1],"ix":4},"o":{"a":0,"k":100,"ix":5},"r":1,"bm":0,"nm":"Fill 1","mn":"ADBE Vector Graphic - Fill","hd":false},{"ty":"tr","p":{"a":0,"k":[122.9,237.346],"ix":2},"a":{"a":0,"k":[0,0],"ix":1},"s":{"a":0,"k":[100,100],"ix":3},"r":{"a":0,"k":0,"ix":6},"o":{"a":0,"k":100,"ix":7},"sk":{"a":0,"k":0,"ix":4},"sa":{"a":0,"k":0,"ix":5},"nm":"Transform"}],"nm":"Group 5","np":2,"cix":2,"bm":0,"ix":6,"mn":"ADBE Vector Group","hd":false},{"ty":"gr","it":[{"ind":0,"ty":"sh","ix":1,"ks":{"a":1,"k":[{"i":{"x":0.142,"y":1},"o":{"x":0.755,"y":0},"t":0,"s":[{"i":[[0,0],[0,0],[0,0],[0,0],[0,0],[0,0],[0,0],[0,0],[0,0]],"o":[[0,0],[0,0],[0,0],[0,0],[0,0],[0,0],[0,0],[0,0],[0,0]],"v":[[188.067,142.577],[16.091,142.577],[-85.363,-134.318],[-179.581,136.277],[-181.895,142.925],[-188.066,140.773],[-89.286,-142.925],[-88.321,-142.592],[79.222,-142.592]],"c":true}]},{"i":{"x":0.258,"y":1},"o":{"x":0.333,"y":0},"t":45,"s":[{"i":[[0,0],[0,0],[0,0],[0,0],[0,0],[0,0],[0,0],[0,0],[0,0]],"o":[[0,0],[0,0],[0,0],[0,0],[0,0],[0,0],[0,0],[0,0],[0,0]],"v":[[208.067,142.577],[-54.909,142.654],[-151.363,-134.136],[-217.581,136.054],[-219.895,142.702],[-226.066,140.55],[-155.286,-142.743],[-154.321,-142.41],[99.222,-142.592]],"c":true}]},{"i":{"x":0.124,"y":1},"o":{"x":0.701,"y":0},"t":53,"s":[{"i":[[0,0],[0,0],[0,0],[0,0],[0,0],[0,0],[0,0],[0,0],[0,0]],"o":[[0,0],[0,0],[0,0],[0,0],[0,0],[0,0],[0,0],[0,0],[0,0]],"v":[[208.067,142.577],[-54.909,142.654],[-151.363,-134.136],[-217.581,136.054],[-219.895,142.702],[-226.066,140.55],[-155.286,-142.743],[-154.321,-142.41],[99.222,-142.592]],"c":true}]},{"t":90.0000036657751,"s":[{"i":[[0,0],[0,0],[0,0],[0,0],[0,0],[0,0],[0,0],[0,0],[0,0]],"o":[[0,0],[0,0],[0,0],[0,0],[0,0],[0,0],[0,0],[0,0],[0,0]],"v":[[188.067,142.577],[16.091,142.577],[-85.363,-134.318],[-179.581,136.277],[-181.895,142.925],[-188.066,140.773],[-89.286,-142.925],[-88.321,-142.592],[79.222,-142.592]],"c":true}]}],"ix":2},"nm":"Path 1","mn":"ADBE Vector Shape - Group","hd":false},{"ty":"fl","c":{"a":0,"k":[0.254901960784,0.415686304429,0.643137254902,1],"ix":4},"o":{"a":0,"k":100,"ix":5},"r":1,"bm":0,"nm":"Fill 1","mn":"ADBE Vector Graphic - Fill","hd":false},{"ty":"tr","p":{"a":0,"k":[188.316,143.175],"ix":2},"a":{"a":0,"k":[0,0],"ix":1},"s":{"a":0,"k":[100,100],"ix":3},"r":{"a":0,"k":0,"ix":6},"o":{"a":0,"k":100,"ix":7},"sk":{"a":0,"k":0,"ix":4},"sa":{"a":0,"k":0,"ix":5},"nm":"Transform"}],"nm":"Group 6","np":2,"cix":2,"bm":0,"ix":7,"mn":"ADBE Vector Group","hd":false},{"ty":"gr","it":[{"ind":0,"ty":"sh","ix":1,"ks":{"a":1,"k":[{"i":{"x":0.142,"y":1},"o":{"x":0.755,"y":0},"t":0,"s":[{"i":[[0,0],[0,0],[0,0],[0,0]],"o":[[0,0],[0,0],[0,0],[0,0]],"v":[[109.327,132.788],[-109.327,135.69],[-15.479,-135.691],[27.09,-118.275]],"c":true}]},{"i":{"x":0.258,"y":1},"o":{"x":0.333,"y":0},"t":45,"s":[{"i":[[0,0],[0,0],[0,0],[0,0]],"o":[[0,0],[0,0],[0,0],[0,0]],"v":[[109.327,132.789],[-147.327,135.468],[-81.48,-135.508],[27.09,-118.275]],"c":true}]},{"i":{"x":0.124,"y":1},"o":{"x":0.701,"y":0},"t":53,"s":[{"i":[[0,0],[0,0],[0,0],[0,0]],"o":[[0,0],[0,0],[0,0],[0,0]],"v":[[109.327,132.789],[-147.327,135.468],[-81.48,-135.508],[27.09,-118.275]],"c":true}]},{"t":90.0000036657751,"s":[{"i":[[0,0],[0,0],[0,0],[0,0]],"o":[[0,0],[0,0],[0,0],[0,0]],"v":[[109.327,132.788],[-109.327,135.69],[-15.479,-135.691],[27.09,-118.275]],"c":true}]}],"ix":2},"nm":"Path 1","mn":"ADBE Vector Shape - Group","hd":false},{"ty":"fl","c":{"a":0,"k":[1,0.756862804936,0.6,1],"ix":4},"o":{"a":0,"k":100,"ix":5},"r":1,"bm":0,"nm":"Fill 1","mn":"ADBE Vector Graphic - Fill","hd":false},{"ty":"tr","p":{"a":0,"k":[116.127,140.508],"ix":2},"a":{"a":0,"k":[0,0],"ix":1},"s":{"a":0,"k":[100,100],"ix":3},"r":{"a":0,"k":0,"ix":6},"o":{"a":0,"k":100,"ix":7},"sk":{"a":0,"k":0,"ix":4},"sa":{"a":0,"k":0,"ix":5},"nm":"Transform"}],"nm":"Group 7","np":2,"cix":2,"bm":0,"ix":8,"mn":"ADBE Vector Group","hd":false}],"ip":0,"op":155.000006313279,"st":0,"bm":0},{"ddd":0,"ind":3,"ty":4,"nm":"Shape Layer 1","sr":1,"ks":{"o":{"a":0,"k":100,"ix":11},"r":{"a":0,"k":0,"ix":10},"p":{"a":1,"k":[{"i":{"x":0.833,"y":0.833},"o":{"x":0.167,"y":0.167},"t":0,"s":[400,400,0],"to":[0.167,-4.833,0],"ti":[-0.167,4.833,0]},{"i":{"x":0.833,"y":0.833},"o":{"x":0.167,"y":0.167},"t":45,"s":[401,371,0],"to":[0,0,0],"ti":[0,0,0]},{"i":{"x":0.833,"y":0.833},"o":{"x":0.167,"y":0.167},"t":53,"s":[401,371,0],"to":[-0.167,4.833,0],"ti":[0.167,-4.833,0]},{"t":90.0000036657751,"s":[400,400,0]}],"ix":2,"l":2},"a":{"a":0,"k":[0,0,0],"ix":1,"l":2},"s":{"a":0,"k":[67,67,100],"ix":6,"l":2}},"ao":0,"shapes":[{"ty":"gr","it":[{"ind":0,"ty":"sh","ix":1,"ks":{"a":0,"k":{"i":[[-8,17],[-24,-31],[0,0],[17,36]],"o":[[8,-17],[24,31],[0,0],[-17,-36]],"v":[[4,-369],[-3,-249],[1,-144],[28,-247]],"c":true},"ix":2},"nm":"Path 1","mn":"ADBE Vector Shape - Group","hd":false},{"ty":"fl","c":{"a":0,"k":[0.979084927428,0.927891031901,0.927891031901,1],"ix":4},"o":{"a":0,"k":100,"ix":5},"r":1,"bm":0,"nm":"Fill 1","mn":"ADBE Vector Graphic - Fill","hd":false},{"ty":"tr","p":{"a":0,"k":[0,0],"ix":2},"a":{"a":0,"k":[0,0],"ix":1},"s":{"a":0,"k":[100,100],"ix":3},"r":{"a":0,"k":0,"ix":6},"o":{"a":0,"k":100,"ix":7},"sk":{"a":0,"k":0,"ix":4},"sa":{"a":0,"k":0,"ix":5},"nm":"Transform"}],"nm":"Shape 1","np":3,"cix":2,"bm":0,"ix":1,"mn":"ADBE Vector Group","hd":false},{"ty":"tm","s":{"a":1,"k":[{"i":{"x":[0.833],"y":[0.833]},"o":{"x":[0.167],"y":[0.167]},"t":0,"s":[0]},{"i":{"x":[0.833],"y":[0.833]},"o":{"x":[0.167],"y":[0.167]},"t":45,"s":[100]},{"i":{"x":[0.833],"y":[0.833]},"o":{"x":[0.167],"y":[0.167]},"t":53,"s":[100]},{"t":90.0000036657751,"s":[0]}],"ix":1},"e":{"a":1,"k":[{"i":{"x":[0.833],"y":[0.833]},"o":{"x":[0.167],"y":[0.167]},"t":0,"s":[0]},{"i":{"x":[0.833],"y":[0.833]},"o":{"x":[0.167],"y":[0.167]},"t":45,"s":[0]},{"i":{"x":[0.833],"y":[0.833]},"o":{"x":[0.167],"y":[0.167]},"t":53,"s":[0]},{"t":90.0000036657751,"s":[0]}],"ix":2},"o":{"a":0,"k":72,"ix":3},"m":1,"ix":2,"nm":"Trim Paths 1","mn":"ADBE Vector Filter - Trim","hd":false}],"ip":0,"op":155.000006313279,"st":0,"bm":0},{"ddd":0,"ind":4,"ty":4,"nm":"Shape Layer 2","sr":1,"ks":{"o":{"a":0,"k":100,"ix":11},"r":{"a":0,"k":-10,"ix":10},"p":{"a":1,"k":[{"i":{"x":0.833,"y":0.833},"o":{"x":0.167,"y":0.167},"t":0,"s":[440,335,0],"to":[0,-8.833,0],"ti":[0,8.833,0]},{"i":{"x":0.833,"y":0.833},"o":{"x":0.167,"y":0.167},"t":45,"s":[440,282,0],"to":[0,0,0],"ti":[0,0,0]},{"i":{"x":0.833,"y":0.833},"o":{"x":0.167,"y":0.167},"t":53,"s":[440,282,0],"to":[0,8.833,0],"ti":[0,-8.833,0]},{"t":90.0000036657751,"s":[440,335,0]}],"ix":2,"l":2},"a":{"a":0,"k":[0,0,0],"ix":1,"l":2},"s":{"a":0,"k":[45,71,100],"ix":6,"l":2}},"ao":0,"shapes":[{"ty":"gr","it":[{"ind":0,"ty":"sh","ix":1,"ks":{"a":0,"k":{"i":[[-8,17],[-24,-31],[0,0],[17,36]],"o":[[8,-17],[24,31],[0,0],[-17,-36]],"v":[[4,-369],[-3,-249],[1,-144],[28,-247]],"c":true},"ix":2},"nm":"Path 1","mn":"ADBE Vector Shape - Group","hd":false},{"ty":"fl","c":{"a":0,"k":[0.979084927428,0.927891031901,0.927891031901,1],"ix":4},"o":{"a":0,"k":100,"ix":5},"r":1,"bm":0,"nm":"Fill 1","mn":"ADBE Vector Graphic - Fill","hd":false},{"ty":"tr","p":{"a":0,"k":[0,0],"ix":2},"a":{"a":0,"k":[0,0],"ix":1},"s":{"a":0,"k":[100,100],"ix":3},"r":{"a":0,"k":0,"ix":6},"o":{"a":0,"k":100,"ix":7},"sk":{"a":0,"k":0,"ix":4},"sa":{"a":0,"k":0,"ix":5},"nm":"Transform"}],"nm":"Shape 1","np":3,"cix":2,"bm":0,"ix":1,"mn":"ADBE Vector Group","hd":false},{"ty":"tm","s":{"a":1,"k":[{"i":{"x":[0.833],"y":[0.833]},"o":{"x":[0.167],"y":[0.167]},"t":0,"s":[0]},{"i":{"x":[0.833],"y":[0.833]},"o":{"x":[0.167],"y":[0.167]},"t":45,"s":[100]},{"i":{"x":[0.833],"y":[0.833]},"o":{"x":[0.167],"y":[0.167]},"t":53,"s":[100]},{"t":90.0000036657751,"s":[0]}],"ix":1},"e":{"a":1,"k":[{"i":{"x":[0.833],"y":[0.833]},"o":{"x":[0.167],"y":[0.167]},"t":0,"s":[0]},{"i":{"x":[0.833],"y":[0.833]},"o":{"x":[0.167],"y":[0.167]},"t":45,"s":[0]},{"i":{"x":[0.833],"y":[0.833]},"o":{"x":[0.167],"y":[0.167]},"t":53,"s":[0]},{"t":90.0000036657751,"s":[0]}],"ix":2},"o":{"a":0,"k":72,"ix":3},"m":1,"ix":2,"nm":"Trim Paths 1","mn":"ADBE Vector Filter - Trim","hd":false}],"ip":0,"op":155.000006313279,"st":0,"bm":0}]}],"layers":[{"ddd":0,"ind":1,"ty":4,"nm":"trre front/home Outlines","sr":1,"ks":{"o":{"a":0,"k":100,"ix":11},"r":{"a":0,"k":0,"ix":10},"p":{"a":1,"k":[{"i":{"x":0.172,"y":1},"o":{"x":0.67,"y":0},"t":0,"s":[580,508,0],"to":[-26.667,0,0],"ti":[26.667,0,0]},{"i":{"x":0.335,"y":0.335},"o":{"x":0.333,"y":0.333},"t":45,"s":[420,508,0],"to":[0,0,0],"ti":[0,0,0]},{"i":{"x":0.203,"y":1},"o":{"x":0.556,"y":0},"t":54,"s":[420,508,0],"to":[26.667,0,0],"ti":[-26.667,0,0]},{"t":90.0000036657751,"s":[580,508,0]}],"ix":2,"l":2},"a":{"a":0,"k":[158.5,151,0],"ix":1,"l":2},"s":{"a":0,"k":[100,100,100],"ix":6,"l":2}},"ao":0,"shapes":[{"ty":"gr","it":[{"ind":0,"ty":"sh","ix":1,"ks":{"a":1,"k":[{"i":{"x":0.095,"y":1},"o":{"x":0.767,"y":0},"t":0,"s":[{"i":[[-13.458,-0.94],[-20.742,-3.545],[26.908,6.231],[10.766,5.922]],"o":[[0,0],[20.742,3.546],[-26.908,-6.233],[-10.767,-5.921]],"v":[[-91.335,-24.454],[84.051,21.848],[2.286,9.234],[-56.578,-5.998]],"c":true}]},{"i":{"x":0.258,"y":1},"o":{"x":0.333,"y":0},"t":45,"s":[{"i":[[-13.458,-0.94],[-18.415,-10.182],[26.908,6.231],[10.766,5.922]],"o":[[0,0],[6.795,3.757],[-26.908,-6.233],[-10.767,-5.921]],"v":[[-91.335,-24.454],[60.051,10.848],[-21.714,-1.766],[-80.578,-16.998]],"c":true}]},{"i":{"x":0.203,"y":1},"o":{"x":0.556,"y":0},"t":54,"s":[{"i":[[-13.458,-0.94],[-18.415,-10.182],[26.908,6.231],[10.766,5.922]],"o":[[0,0],[6.795,3.757],[-26.908,-6.233],[-10.767,-5.921]],"v":[[-91.335,-24.454],[60.051,10.848],[-21.714,-1.766],[-80.578,-16.998]],"c":true}]},{"t":90.0000036657751,"s":[{"i":[[-13.458,-0.94],[-20.742,-3.545],[26.908,6.231],[10.766,5.922]],"o":[[0,0],[20.742,3.546],[-26.908,-6.233],[-10.767,-5.921]],"v":[[-91.335,-24.454],[84.051,21.848],[2.286,9.234],[-56.578,-5.998]],"c":true}]}],"ix":2},"nm":"Path 1","mn":"ADBE Vector Shape - Group","hd":false},{"ty":"fl","c":{"a":0,"k":[0.239215701234,0.372549019608,0.596078431373,1],"ix":4},"o":{"a":0,"k":100,"ix":5},"r":1,"bm":0,"nm":"Fill 1","mn":"ADBE Vector Graphic - Fill","hd":false},{"ty":"tr","p":{"a":0,"k":[211.654,275.895],"ix":2},"a":{"a":0,"k":[0,0],"ix":1},"s":{"a":0,"k":[100,100],"ix":3},"r":{"a":0,"k":0,"ix":6},"o":{"a":0,"k":100,"ix":7},"sk":{"a":0,"k":0,"ix":4},"sa":{"a":0,"k":0,"ix":5},"nm":"Transform"}],"nm":"Group 1","np":2,"cix":2,"bm":0,"ix":1,"mn":"ADBE Vector Group","hd":false},{"ty":"gr","it":[{"ind":0,"ty":"sh","ix":1,"ks":{"a":1,"k":[{"i":{"x":0.095,"y":1},"o":{"x":0.767,"y":0},"t":0,"s":[{"i":[[0,0],[0,0]],"o":[[0,0],[0,0]],"v":[[-7.152,8.708],[7.152,-8.707]],"c":false}]},{"i":{"x":0.258,"y":1},"o":{"x":0.333,"y":0},"t":45,"s":[{"i":[[0,0],[0,0]],"o":[[0,0],[0,0]],"v":[[-7.152,8.708],[7.152,-8.707]],"c":false}]},{"i":{"x":0.203,"y":1},"o":{"x":0.556,"y":0},"t":54,"s":[{"i":[[0,0],[0,0]],"o":[[0,0],[0,0]],"v":[[-7.152,8.708],[7.152,-8.707]],"c":false}]},{"t":90.0000036657751,"s":[{"i":[[0,0],[0,0]],"o":[[0,0],[0,0]],"v":[[-7.152,8.708],[7.152,-8.707]],"c":false}]}],"ix":2},"nm":"Path 1","mn":"ADBE Vector Shape - Group","hd":false},{"ty":"st","c":{"a":0,"k":[0.254901960784,0.415686304429,0.643137254902,1],"ix":3},"o":{"a":0,"k":100,"ix":4},"w":{"a":0,"k":3,"ix":5},"lc":2,"lj":1,"ml":10,"bm":0,"nm":"Stroke 1","mn":"ADBE Vector Graphic - Stroke","hd":false},{"ty":"tr","p":{"a":0,"k":[128.426,180.283],"ix":2},"a":{"a":0,"k":[0,0],"ix":1},"s":{"a":0,"k":[100,100],"ix":3},"r":{"a":0,"k":0,"ix":6},"o":{"a":0,"k":100,"ix":7},"sk":{"a":0,"k":0,"ix":4},"sa":{"a":0,"k":0,"ix":5},"nm":"Transform"}],"nm":"Group 2","np":2,"cix":2,"bm":0,"ix":2,"mn":"ADBE Vector Group","hd":false},{"ty":"gr","it":[{"ind":0,"ty":"sh","ix":1,"ks":{"a":1,"k":[{"i":{"x":0.095,"y":1},"o":{"x":0.767,"y":0},"t":0,"s":[{"i":[[0,0],[0,0]],"o":[[0,0],[0,0]],"v":[[1.919,-48.254],[-1.919,48.254]],"c":false}]},{"i":{"x":0.258,"y":1},"o":{"x":0.333,"y":0},"t":45,"s":[{"i":[[0,0],[0,0]],"o":[[0,0],[0,0]],"v":[[1.919,-48.254],[-1.919,48.254]],"c":false}]},{"i":{"x":0.203,"y":1},"o":{"x":0.556,"y":0},"t":54,"s":[{"i":[[0,0],[0,0]],"o":[[0,0],[0,0]],"v":[[1.919,-48.254],[-1.919,48.254]],"c":false}]},{"t":90.0000036657751,"s":[{"i":[[0,0],[0,0]],"o":[[0,0],[0,0]],"v":[[1.919,-48.254],[-1.919,48.254]],"c":false}]}],"ix":2},"nm":"Path 1","mn":"ADBE Vector Shape - Group","hd":false},{"ty":"st","c":{"a":0,"k":[0.254901960784,0.415686304429,0.643137254902,1],"ix":3},"o":{"a":0,"k":100,"ix":4},"w":{"a":0,"k":3,"ix":5},"lc":2,"lj":1,"ml":10,"bm":0,"nm":"Stroke 1","mn":"ADBE Vector Graphic - Stroke","hd":false},{"ty":"tr","p":{"a":0,"k":[119.356,203.14],"ix":2},"a":{"a":0,"k":[0,0],"ix":1},"s":{"a":0,"k":[100,100],"ix":3},"r":{"a":0,"k":0,"ix":6},"o":{"a":0,"k":100,"ix":7},"sk":{"a":0,"k":0,"ix":4},"sa":{"a":0,"k":0,"ix":5},"nm":"Transform"}],"nm":"Group 3","np":2,"cix":2,"bm":0,"ix":3,"mn":"ADBE Vector Group","hd":false},{"ty":"gr","it":[{"ind":0,"ty":"sh","ix":1,"ks":{"a":1,"k":[{"i":{"x":0.095,"y":1},"o":{"x":0.767,"y":0},"t":0,"s":[{"i":[[-121.904,-2.177],[38.094,106.666],[0,0]],"o":[[0,0],[-38.095,-106.666],[0,0]],"v":[[14.15,109.387],[69.66,-2.721],[-24.465,-34.286]],"c":true}]},{"i":{"x":0.258,"y":1},"o":{"x":0.333,"y":0},"t":45,"s":[{"i":[[-121.904,-2.177],[38.094,106.666],[0,0]],"o":[[0,0],[-38.095,-106.666],[0,0]],"v":[[14.15,109.387],[69.66,-2.721],[-24.465,-34.286]],"c":true}]},{"i":{"x":0.203,"y":1},"o":{"x":0.556,"y":0},"t":54,"s":[{"i":[[-121.904,-2.177],[38.094,106.666],[0,0]],"o":[[0,0],[-38.095,-106.666],[0,0]],"v":[[14.15,109.387],[69.66,-2.721],[-24.465,-34.286]],"c":true}]},{"t":90.0000036657751,"s":[{"i":[[-121.904,-2.177],[38.094,106.666],[0,0]],"o":[[0,0],[-38.095,-106.666],[0,0]],"v":[[14.15,109.387],[69.66,-2.721],[-24.465,-34.286]],"c":true}]}],"ix":2},"nm":"Path 1","mn":"ADBE Vector Shape - Group","hd":false},{"ty":"fl","c":{"a":0,"k":[0.247058838489,0.596078431373,0.627450980392,1],"ix":4},"o":{"a":0,"k":100,"ix":5},"r":1,"bm":0,"nm":"Fill 1","mn":"ADBE Vector Graphic - Fill","hd":false},{"ty":"tr","p":{"a":0,"k":[108.004,109.637],"ix":2},"a":{"a":0,"k":[0,0],"ix":1},"s":{"a":0,"k":[100,100],"ix":3},"r":{"a":0,"k":0,"ix":6},"o":{"a":0,"k":100,"ix":7},"sk":{"a":0,"k":0,"ix":4},"sa":{"a":0,"k":0,"ix":5},"nm":"Transform"}],"nm":"Group 4","np":2,"cix":2,"bm":0,"ix":4,"mn":"ADBE Vector Group","hd":false}],"ip":0,"op":105.000004276738,"st":0,"bm":0},{"ddd":0,"ind":2,"ty":4,"nm":"grass/home Outlines","sr":1,"ks":{"o":{"a":0,"k":100,"ix":11},"r":{"a":0,"k":0,"ix":10},"p":{"a":1,"k":[{"i":{"x":0.206,"y":1},"o":{"x":0.561,"y":0},"t":0,"s":[137,582,0],"to":[4,-1,0],"ti":[-4,1,0]},{"i":{"x":0.335,"y":0.335},"o":{"x":0.333,"y":0.333},"t":45,"s":[161,576,0],"to":[0,0,0],"ti":[0,0,0]},{"i":{"x":0.268,"y":1},"o":{"x":0.621,"y":0},"t":54,"s":[161,576,0],"to":[-4,1,0],"ti":[4,-1,0]},{"t":90.0000036657751,"s":[137,582,0]}],"ix":2,"l":2},"a":{"a":0,"k":[51,22.5,0],"ix":1,"l":2},"s":{"a":1,"k":[{"i":{"x":[0.704,0.704,0.833],"y":[0.704,0.704,2.852]},"o":{"x":[0.167,0.167,0.167],"y":[0.167,0.167,-1.852]},"t":0,"s":[100,100,100]},{"i":{"x":[0.833,0.833,0.833],"y":[0.833,0.833,0.833]},"o":{"x":[0.167,0.167,0.167],"y":[0.167,0.167,0.167]},"t":45,"s":[80,80,100]},{"i":{"x":[0.435,0.435,0.833],"y":[0.435,0.435,1]},"o":{"x":[0.455,0.455,0.167],"y":[0.455,0.455,0]},"t":54,"s":[80,80,100]},{"t":90.0000036657751,"s":[100,100,100]}],"ix":6,"l":2}},"ao":0,"shapes":[{"ty":"gr","it":[{"ind":0,"ty":"sh","ix":1,"ks":{"a":0,"k":{"i":[[0,0],[2.397,3.446]],"o":[[0,0],[0,0]],"v":[[-1.583,3.27],[-0.814,-3.27]],"c":false},"ix":2},"nm":"Path 1","mn":"ADBE Vector Shape - Group","hd":false},{"ty":"st","c":{"a":0,"k":[0.254901960784,0.415686304429,0.643137254902,1],"ix":3},"o":{"a":0,"k":100,"ix":4},"w":{"a":0,"k":1,"ix":5},"lc":2,"lj":2,"bm":0,"nm":"Stroke 1","mn":"ADBE Vector Graphic - Stroke","hd":false},{"ty":"tr","p":{"a":0,"k":[37.982,33.029],"ix":2},"a":{"a":0,"k":[0,0],"ix":1},"s":{"a":0,"k":[100,100],"ix":3},"r":{"a":0,"k":0,"ix":6},"o":{"a":0,"k":100,"ix":7},"sk":{"a":0,"k":0,"ix":4},"sa":{"a":0,"k":0,"ix":5},"nm":"Transform"}],"nm":"Group 1","np":2,"cix":2,"bm":0,"ix":1,"mn":"ADBE Vector Group","hd":false},{"ty":"gr","it":[{"ind":0,"ty":"sh","ix":1,"ks":{"a":0,"k":{"i":[[0,0],[-6.606,0.242]],"o":[[0,0],[0,0]],"v":[[-6.925,5.371],[6.925,-5.371]],"c":false},"ix":2},"nm":"Path 1","mn":"ADBE Vector Shape - Group","hd":false},{"ty":"st","c":{"a":0,"k":[0.254901960784,0.415686304429,0.643137254902,1],"ix":3},"o":{"a":0,"k":100,"ix":4},"w":{"a":0,"k":1,"ix":5},"lc":2,"lj":2,"bm":0,"nm":"Stroke 1","mn":"ADBE Vector Graphic - Stroke","hd":false},{"ty":"tr","p":{"a":0,"k":[62.987,37.064],"ix":2},"a":{"a":0,"k":[0,0],"ix":1},"s":{"a":0,"k":[100,100],"ix":3},"r":{"a":0,"k":0,"ix":6},"o":{"a":0,"k":100,"ix":7},"sk":{"a":0,"k":0,"ix":4},"sa":{"a":0,"k":0,"ix":5},"nm":"Transform"}],"nm":"Group 2","np":2,"cix":2,"bm":0,"ix":2,"mn":"ADBE Vector Group","hd":false},{"ty":"gr","it":[{"ind":0,"ty":"sh","ix":1,"ks":{"a":0,"k":{"i":[[0,0],[-3.627,-6.006]],"o":[[0,0],[0,0]],"v":[[-7.048,-5.705],[7.048,5.705]],"c":false},"ix":2},"nm":"Path 1","mn":"ADBE Vector Shape - Group","hd":false},{"ty":"st","c":{"a":0,"k":[0.254901960784,0.415686304429,0.643137254902,1],"ix":3},"o":{"a":0,"k":100,"ix":4},"w":{"a":0,"k":1,"ix":5},"lc":2,"lj":2,"bm":0,"nm":"Stroke 1","mn":"ADBE Vector Graphic - Stroke","hd":false},{"ty":"tr","p":{"a":0,"k":[33.721,35.464],"ix":2},"a":{"a":0,"k":[0,0],"ix":1},"s":{"a":0,"k":[100,100],"ix":3},"r":{"a":0,"k":0,"ix":6},"o":{"a":0,"k":100,"ix":7},"sk":{"a":0,"k":0,"ix":4},"sa":{"a":0,"k":0,"ix":5},"nm":"Transform"}],"nm":"Group 3","np":2,"cix":2,"bm":0,"ix":3,"mn":"ADBE Vector Group","hd":false},{"ty":"gr","it":[{"ind":0,"ty":"sh","ix":1,"ks":{"a":0,"k":{"i":[[3.216,2.95],[-11.72,12.577],[-18.752,4.595],[-3.409,-2.903],[-11.507,0.968],[-5.327,-2.178],[0,0]],"o":[[0,0],[0,0],[18.752,-4.596],[3.409,2.902],[11.507,-0.968],[5.327,2.177],[0,0]],"v":[[-40.38,18.479],[-38.676,1.79],[-18.646,-16.833],[16.94,-1.837],[26.742,-3.531],[45.068,13.4],[46.772,21.382]],"c":true},"ix":2},"nm":"Path 1","mn":"ADBE Vector Shape - Group","hd":false},{"ty":"fl","c":{"a":0,"k":[0.243137269862,0.658823529412,0.654901960784,1],"ix":4},"o":{"a":0,"k":100,"ix":5},"r":1,"bm":0,"nm":"Fill 1","mn":"ADBE Vector Graphic - Fill","hd":false},{"ty":"tr","p":{"a":0,"k":[50.645,21.68],"ix":2},"a":{"a":0,"k":[0,0],"ix":1},"s":{"a":0,"k":[100,100],"ix":3},"r":{"a":0,"k":0,"ix":6},"o":{"a":0,"k":100,"ix":7},"sk":{"a":0,"k":0,"ix":4},"sa":{"a":0,"k":0,"ix":5},"nm":"Transform"}],"nm":"Group 4","np":2,"cix":2,"bm":0,"ix":4,"mn":"ADBE Vector Group","hd":false}],"ip":0,"op":105.000004276738,"st":0,"bm":0},{"ddd":0,"ind":3,"ty":0,"nm":"home1/home Outlines Comp 1","refId":"comp_0","sr":1,"ks":{"o":{"a":0,"k":100,"ix":11},"r":{"a":0,"k":0,"ix":10},"p":{"a":0,"k":[400,400,0],"ix":2,"l":2},"a":{"a":0,"k":[400,400,0],"ix":1,"l":2},"s":{"a":0,"k":[100,100,100],"ix":6,"l":2}},"ao":0,"w":800,"h":800,"ip":0,"op":155.000006313279,"st":0,"bm":0},{"ddd":0,"ind":4,"ty":4,"nm":"home2/home Outlines","sr":1,"ks":{"o":{"a":0,"k":100,"ix":11},"r":{"a":0,"k":0,"ix":10},"p":{"a":1,"k":[{"i":{"x":0.206,"y":1},"o":{"x":0.561,"y":0},"t":0,"s":[200,516,0],"to":[6.667,0,0],"ti":[-6.667,0,0]},{"i":{"x":0.335,"y":0.335},"o":{"x":0.333,"y":0.333},"t":45,"s":[240,516,0],"to":[0,0,0],"ti":[0,0,0]},{"i":{"x":0.268,"y":1},"o":{"x":0.621,"y":0},"t":54,"s":[240,516,0],"to":[-6.667,0,0],"ti":[6.667,0,0]},{"t":90.0000036657751,"s":[200,516,0]}],"ix":2,"l":2},"a":{"a":0,"k":[95,61.5,0],"ix":1,"l":2},"s":{"a":0,"k":[100,100,100],"ix":6,"l":2}},"ao":0,"shapes":[{"ty":"gr","it":[{"ind":0,"ty":"sh","ix":1,"ks":{"a":0,"k":{"i":[[0,0],[0,0],[0,0],[0,0]],"o":[[0,0],[0,0],[0,0],[0,0]],"v":[[86.227,2.963],[-86.227,2.963],[-86.227,-2.963],[86.227,-2.963]],"c":true},"ix":2},"nm":"Path 1","mn":"ADBE Vector Shape - Group","hd":false},{"ty":"fl","c":{"a":0,"k":[0.278431372549,0.372549019608,0.552941176471,1],"ix":4},"o":{"a":0,"k":100,"ix":5},"r":1,"bm":0,"nm":"Fill 1","mn":"ADBE Vector Graphic - Fill","hd":false},{"ty":"tr","p":{"a":0,"k":[86.478,44.573],"ix":2},"a":{"a":0,"k":[0,0],"ix":1},"s":{"a":0,"k":[100,100],"ix":3},"r":{"a":0,"k":0,"ix":6},"o":{"a":0,"k":100,"ix":7},"sk":{"a":0,"k":0,"ix":4},"sa":{"a":0,"k":0,"ix":5},"nm":"Transform"}],"nm":"Group 1","np":2,"cix":2,"bm":0,"ix":1,"mn":"ADBE Vector Group","hd":false},{"ty":"gr","it":[{"ind":0,"ty":"sh","ix":1,"ks":{"a":0,"k":{"i":[[0,0],[0,0],[0,0],[0,0]],"o":[[0,0],[0,0],[0,0],[0,0]],"v":[[-94.572,20.68],[-32.533,-20.68],[94.572,-20.68],[75.584,20.68]],"c":true},"ix":2},"nm":"Path 1","mn":"ADBE Vector Shape - Group","hd":false},{"ty":"fl","c":{"a":0,"k":[0.298039215686,0.549019607843,0.803921628466,1],"ix":4},"o":{"a":0,"k":100,"ix":5},"r":1,"bm":0,"nm":"Fill 1","mn":"ADBE Vector Graphic - Fill","hd":false},{"ty":"tr","p":{"a":0,"k":[94.822,20.93],"ix":2},"a":{"a":0,"k":[0,0],"ix":1},"s":{"a":0,"k":[100,100],"ix":3},"r":{"a":0,"k":0,"ix":6},"o":{"a":0,"k":100,"ix":7},"sk":{"a":0,"k":0,"ix":4},"sa":{"a":0,"k":0,"ix":5},"nm":"Transform"}],"nm":"Group 2","np":2,"cix":2,"bm":0,"ix":2,"mn":"ADBE Vector Group","hd":false},{"ty":"gr","it":[{"ind":0,"ty":"sh","ix":1,"ks":{"a":0,"k":{"i":[[0,0],[0,0],[0,0],[0,0]],"o":[[0,0],[0,0],[0,0],[0,0]],"v":[[7.77,5.938],[-7.77,5.938],[-7.77,-5.938],[7.77,-5.938]],"c":true},"ix":2},"nm":"Path 1","mn":"ADBE Vector Shape - Group","hd":false},{"ty":"fl","c":{"a":0,"k":[0.239215701234,0.372549019608,0.596078431373,1],"ix":4},"o":{"a":0,"k":100,"ix":5},"r":1,"bm":0,"nm":"Fill 1","mn":"ADBE Vector Graphic - Fill","hd":false},{"ty":"tr","p":{"a":0,"k":[113.557,72.56],"ix":2},"a":{"a":0,"k":[0,0],"ix":1},"s":{"a":0,"k":[100,100],"ix":3},"r":{"a":0,"k":0,"ix":6},"o":{"a":0,"k":100,"ix":7},"sk":{"a":0,"k":0,"ix":4},"sa":{"a":0,"k":0,"ix":5},"nm":"Transform"}],"nm":"Group 3","np":2,"cix":2,"bm":0,"ix":3,"mn":"ADBE Vector Group","hd":false},{"ty":"gr","it":[{"ind":0,"ty":"sh","ix":1,"ks":{"a":0,"k":{"i":[[0,0],[0,0],[0,0],[0,0]],"o":[[0,0],[0,0],[0,0],[0,0]],"v":[[7.77,5.938],[-7.77,5.938],[-7.77,-5.938],[7.77,-5.938]],"c":true},"ix":2},"nm":"Path 1","mn":"ADBE Vector Shape - Group","hd":false},{"ty":"fl","c":{"a":0,"k":[0.239215701234,0.372549019608,0.596078431373,1],"ix":4},"o":{"a":0,"k":100,"ix":5},"r":1,"bm":0,"nm":"Fill 1","mn":"ADBE Vector Graphic - Fill","hd":false},{"ty":"tr","p":{"a":0,"k":[113.557,85.86],"ix":2},"a":{"a":0,"k":[0,0],"ix":1},"s":{"a":0,"k":[100,100],"ix":3},"r":{"a":0,"k":0,"ix":6},"o":{"a":0,"k":100,"ix":7},"sk":{"a":0,"k":0,"ix":4},"sa":{"a":0,"k":0,"ix":5},"nm":"Transform"}],"nm":"Group 4","np":2,"cix":2,"bm":0,"ix":4,"mn":"ADBE Vector Group","hd":false},{"ty":"gr","it":[{"ind":0,"ty":"sh","ix":1,"ks":{"a":0,"k":{"i":[[0,0],[0,0],[0,0],[0,0]],"o":[[0,0],[0,0],[0,0],[0,0]],"v":[[7.77,5.938],[-7.77,5.938],[-7.77,-5.938],[7.77,-5.938]],"c":true},"ix":2},"nm":"Path 1","mn":"ADBE Vector Shape - Group","hd":false},{"ty":"fl","c":{"a":0,"k":[0.239215701234,0.372549019608,0.596078431373,1],"ix":4},"o":{"a":0,"k":100,"ix":5},"r":1,"bm":0,"nm":"Fill 1","mn":"ADBE Vector Graphic - Fill","hd":false},{"ty":"tr","p":{"a":0,"k":[94.57,85.86],"ix":2},"a":{"a":0,"k":[0,0],"ix":1},"s":{"a":0,"k":[100,100],"ix":3},"r":{"a":0,"k":0,"ix":6},"o":{"a":0,"k":100,"ix":7},"sk":{"a":0,"k":0,"ix":4},"sa":{"a":0,"k":0,"ix":5},"nm":"Transform"}],"nm":"Group 5","np":2,"cix":2,"bm":0,"ix":5,"mn":"ADBE Vector Group","hd":false},{"ty":"gr","it":[{"ind":0,"ty":"sh","ix":1,"ks":{"a":0,"k":{"i":[[0,0],[0,0],[0,0],[0,0]],"o":[[0,0],[0,0],[0,0],[0,0]],"v":[[7.77,5.938],[-7.77,5.938],[-7.77,-5.938],[7.77,-5.938]],"c":true},"ix":2},"nm":"Path 1","mn":"ADBE Vector Shape - Group","hd":false},{"ty":"fl","c":{"a":0,"k":[0.239215701234,0.372549019608,0.596078431373,1],"ix":4},"o":{"a":0,"k":100,"ix":5},"r":1,"bm":0,"nm":"Fill 1","mn":"ADBE Vector Graphic - Fill","hd":false},{"ty":"tr","p":{"a":0,"k":[94.57,72.56],"ix":2},"a":{"a":0,"k":[0,0],"ix":1},"s":{"a":0,"k":[100,100],"ix":3},"r":{"a":0,"k":0,"ix":6},"o":{"a":0,"k":100,"ix":7},"sk":{"a":0,"k":0,"ix":4},"sa":{"a":0,"k":0,"ix":5},"nm":"Transform"}],"nm":"Group 6","np":2,"cix":2,"bm":0,"ix":6,"mn":"ADBE Vector Group","hd":false},{"ty":"gr","it":[{"ind":0,"ty":"sh","ix":1,"ks":{"a":0,"k":{"i":[[0,0],[0,0],[0,0],[0,0]],"o":[[0,0],[0,0],[0,0],[0,0]],"v":[[7.77,5.938],[-7.77,5.938],[-7.77,-5.938],[7.77,-5.938]],"c":true},"ix":2},"nm":"Path 1","mn":"ADBE Vector Shape - Group","hd":false},{"ty":"fl","c":{"a":0,"k":[0.239215701234,0.372549019608,0.596078431373,1],"ix":4},"o":{"a":0,"k":100,"ix":5},"r":1,"bm":0,"nm":"Fill 1","mn":"ADBE Vector Graphic - Fill","hd":false},{"ty":"tr","p":{"a":0,"k":[61.343,72.56],"ix":2},"a":{"a":0,"k":[0,0],"ix":1},"s":{"a":0,"k":[100,100],"ix":3},"r":{"a":0,"k":0,"ix":6},"o":{"a":0,"k":100,"ix":7},"sk":{"a":0,"k":0,"ix":4},"sa":{"a":0,"k":0,"ix":5},"nm":"Transform"}],"nm":"Group 7","np":2,"cix":2,"bm":0,"ix":7,"mn":"ADBE Vector Group","hd":false},{"ty":"gr","it":[{"ind":0,"ty":"sh","ix":1,"ks":{"a":0,"k":{"i":[[0,0],[0,0],[0,0],[0,0]],"o":[[0,0],[0,0],[0,0],[0,0]],"v":[[7.77,5.938],[-7.77,5.938],[-7.77,-5.938],[7.77,-5.938]],"c":true},"ix":2},"nm":"Path 1","mn":"ADBE Vector Shape - Group","hd":false},{"ty":"fl","c":{"a":0,"k":[0.239215701234,0.372549019608,0.596078431373,1],"ix":4},"o":{"a":0,"k":100,"ix":5},"r":1,"bm":0,"nm":"Fill 1","mn":"ADBE Vector Graphic - Fill","hd":false},{"ty":"tr","p":{"a":0,"k":[61.343,85.86],"ix":2},"a":{"a":0,"k":[0,0],"ix":1},"s":{"a":0,"k":[100,100],"ix":3},"r":{"a":0,"k":0,"ix":6},"o":{"a":0,"k":100,"ix":7},"sk":{"a":0,"k":0,"ix":4},"sa":{"a":0,"k":0,"ix":5},"nm":"Transform"}],"nm":"Group 8","np":2,"cix":2,"bm":0,"ix":8,"mn":"ADBE Vector Group","hd":false},{"ty":"gr","it":[{"ind":0,"ty":"sh","ix":1,"ks":{"a":0,"k":{"i":[[0,0],[0,0],[0,0],[0,0]],"o":[[0,0],[0,0],[0,0],[0,0]],"v":[[7.77,5.938],[-7.77,5.938],[-7.77,-5.938],[7.77,-5.938]],"c":true},"ix":2},"nm":"Path 1","mn":"ADBE Vector Shape - Group","hd":false},{"ty":"fl","c":{"a":0,"k":[0.239215701234,0.372549019608,0.596078431373,1],"ix":4},"o":{"a":0,"k":100,"ix":5},"r":1,"bm":0,"nm":"Fill 1","mn":"ADBE Vector Graphic - Fill","hd":false},{"ty":"tr","p":{"a":0,"k":[42.356,85.86],"ix":2},"a":{"a":0,"k":[0,0],"ix":1},"s":{"a":0,"k":[100,100],"ix":3},"r":{"a":0,"k":0,"ix":6},"o":{"a":0,"k":100,"ix":7},"sk":{"a":0,"k":0,"ix":4},"sa":{"a":0,"k":0,"ix":5},"nm":"Transform"}],"nm":"Group 9","np":2,"cix":2,"bm":0,"ix":9,"mn":"ADBE Vector Group","hd":false},{"ty":"gr","it":[{"ind":0,"ty":"sh","ix":1,"ks":{"a":0,"k":{"i":[[0,0],[0,0],[0,0],[0,0]],"o":[[0,0],[0,0],[0,0],[0,0]],"v":[[7.77,5.938],[-7.77,5.938],[-7.77,-5.938],[7.77,-5.938]],"c":true},"ix":2},"nm":"Path 1","mn":"ADBE Vector Shape - Group","hd":false},{"ty":"fl","c":{"a":0,"k":[0.239215701234,0.372549019608,0.596078431373,1],"ix":4},"o":{"a":0,"k":100,"ix":5},"r":1,"bm":0,"nm":"Fill 1","mn":"ADBE Vector Graphic - Fill","hd":false},{"ty":"tr","p":{"a":0,"k":[42.356,72.56],"ix":2},"a":{"a":0,"k":[0,0],"ix":1},"s":{"a":0,"k":[100,100],"ix":3},"r":{"a":0,"k":0,"ix":6},"o":{"a":0,"k":100,"ix":7},"sk":{"a":0,"k":0,"ix":4},"sa":{"a":0,"k":0,"ix":5},"nm":"Transform"}],"nm":"Group 10","np":2,"cix":2,"bm":0,"ix":10,"mn":"ADBE Vector Group","hd":false},{"ty":"gr","it":[{"ind":0,"ty":"sh","ix":1,"ks":{"a":0,"k":{"i":[[0,0],[0,0],[0,0],[0,0]],"o":[[0,0],[0,0],[0,0],[0,0]],"v":[[86.348,-37.141],[-86.348,-37.141],[-86.348,37.141],[86.348,37.141]],"c":true},"ix":2},"nm":"Path 1","mn":"ADBE Vector Shape - Group","hd":false},{"ty":"fl","c":{"a":0,"k":[1,0.756862804936,0.603921568627,1],"ix":4},"o":{"a":0,"k":100,"ix":5},"r":1,"bm":0,"nm":"Fill 1","mn":"ADBE Vector Graphic - Fill","hd":false},{"ty":"tr","p":{"a":0,"k":[89.612,84.677],"ix":2},"a":{"a":0,"k":[0,0],"ix":1},"s":{"a":0,"k":[100,100],"ix":3},"r":{"a":0,"k":0,"ix":6},"o":{"a":0,"k":100,"ix":7},"sk":{"a":0,"k":0,"ix":4},"sa":{"a":0,"k":0,"ix":5},"nm":"Transform"}],"nm":"Group 11","np":2,"cix":2,"bm":0,"ix":11,"mn":"ADBE Vector Group","hd":false}],"ip":0,"op":105.000004276738,"st":0,"bm":0},{"ddd":0,"ind":5,"ty":4,"nm":"shadow/home Outlines","sr":1,"ks":{"o":{"a":0,"k":100,"ix":11},"r":{"a":0,"k":0,"ix":10},"p":{"a":0,"k":[414,609,0],"ix":2,"l":2},"a":{"a":0,"k":[350,30,0],"ix":1,"l":2},"s":{"a":0,"k":[100,100,100],"ix":6,"l":2}},"ao":0,"shapes":[{"ty":"gr","it":[{"ind":0,"ty":"sh","ix":1,"ks":{"a":1,"k":[{"i":{"x":0.206,"y":1},"o":{"x":0.561,"y":0},"t":0,"s":[{"i":[[-49.967,7.314],[0,0],[0,0],[-26.122,-8.708],[53.092,2.887],[33.369,5.849],[0,0],[-14.594,-4.31],[36.28,4.355]],"o":[[0,0],[0,0],[0,0],[26.123,8.707],[-53.091,-2.886],[-33.368,-5.847],[0,0],[14.593,4.312],[-36.281,-4.353]],"v":[[-299.318,-29.54],[17.615,-30.04],[187.895,-29.54],[323.162,20.833],[2.962,-9.867],[-182.604,-3.796],[-241.238,-11.096],[-229.468,-6.296],[-240.464,11.202]],"c":true}]},{"i":{"x":0.335,"y":1},"o":{"x":0.333,"y":0},"t":45,"s":[{"i":[[-49.967,7.314],[0,0],[0,0],[-22.346,-16.088],[53.092,2.887],[33.369,5.849],[0,0],[-14.594,-4.31],[36.28,4.355]],"o":[[0,0],[0,0],[0,0],[3.303,2.378],[-53.091,-2.886],[-33.368,-5.847],[0,0],[14.593,4.312],[-36.281,-4.353]],"v":[[-272.318,-29.54],[17.115,-29.54],[202.895,-31.54],[256.162,17.833],[4.962,-0.367],[-182.604,-3.796],[-241.238,-11.096],[-229.468,-12.296],[-199.964,-5.798]],"c":true}]},{"i":{"x":0.268,"y":1},"o":{"x":0.621,"y":0},"t":54,"s":[{"i":[[-49.967,7.314],[0,0],[0,0],[-22.346,-16.088],[53.092,2.887],[33.369,5.849],[0,0],[-14.594,-4.31],[36.28,4.355]],"o":[[0,0],[0,0],[0,0],[3.303,2.378],[-53.091,-2.886],[-33.368,-5.847],[0,0],[14.593,4.312],[-36.281,-4.353]],"v":[[-272.318,-29.54],[17.115,-29.54],[202.895,-31.54],[256.162,17.833],[4.962,-0.367],[-182.604,-3.796],[-241.238,-11.096],[-229.468,-12.296],[-199.964,-5.798]],"c":true}]},{"t":90.0000036657751,"s":[{"i":[[-49.967,7.314],[0,0],[0,0],[-26.122,-8.708],[53.092,2.887],[33.369,5.849],[0,0],[-14.594,-4.31],[36.28,4.355]],"o":[[0,0],[0,0],[0,0],[26.123,8.707],[-53.091,-2.886],[-33.368,-5.847],[0,0],[14.593,4.312],[-36.281,-4.353]],"v":[[-299.318,-29.54],[17.615,-30.04],[187.895,-29.54],[323.162,20.833],[2.962,-9.867],[-182.604,-3.796],[-241.238,-11.096],[-229.468,-6.296],[-240.464,11.202]],"c":true}]}],"ix":2},"nm":"Path 1","mn":"ADBE Vector Shape - Group","hd":false},{"ty":"fl","c":{"a":0,"k":[0.239215701234,0.372549019608,0.596078431373,1],"ix":4},"o":{"a":0,"k":100,"ix":5},"r":1,"bm":0,"nm":"Fill 1","mn":"ADBE Vector Graphic - Fill","hd":false},{"ty":"tr","p":{"a":0,"k":[349.535,27.79],"ix":2},"a":{"a":0,"k":[0,0],"ix":1},"s":{"a":0,"k":[100,100],"ix":3},"r":{"a":0,"k":0,"ix":6},"o":{"a":0,"k":100,"ix":7},"sk":{"a":0,"k":0,"ix":4},"sa":{"a":0,"k":0,"ix":5},"nm":"Transform"}],"nm":"Group 1","np":2,"cix":2,"bm":0,"ix":1,"mn":"ADBE Vector Group","hd":false},{"ty":"gr","it":[{"ind":0,"ty":"sh","ix":1,"ks":{"a":0,"k":{"i":[[-49.967,7.314],[0,0],[0,0],[-26.122,-8.708],[53.092,2.887],[33.369,5.849],[0,0],[-14.594,-4.31],[36.28,4.355]],"o":[[0,0],[0,0],[0,0],[26.123,8.707],[-53.091,-2.886],[-33.368,-5.847],[0,0],[14.593,4.312],[-36.281,-4.353]],"v":[[50.217,-1.75],[367.15,-2.25],[537.43,-1.75],[672.697,48.622],[352.497,17.922],[166.931,23.993],[108.297,16.694],[120.067,21.493],[109.071,38.991]],"c":true},"ix":2},"nm":"Path 1","mn":"ADBE Vector Shape - Group","hd":false},{"ty":"tr","p":{"a":0,"k":[0,0],"ix":2},"a":{"a":0,"k":[0,0],"ix":1},"s":{"a":0,"k":[100,100],"ix":3},"r":{"a":0,"k":0,"ix":6},"o":{"a":0,"k":100,"ix":7},"sk":{"a":0,"k":0,"ix":4},"sa":{"a":0,"k":0,"ix":5},"nm":"Transform"}],"nm":"Group 2","np":1,"cix":2,"bm":0,"ix":2,"mn":"ADBE Vector Group","hd":false}],"ip":0,"op":105.000004276738,"st":0,"bm":0},{"ddd":0,"ind":6,"ty":4,"nm":"tree back left/home Outlines 2","sr":1,"ks":{"o":{"a":0,"k":100,"ix":11},"r":{"a":0,"k":0,"ix":10},"p":{"a":1,"k":[{"i":{"x":0.206,"y":1},"o":{"x":0.561,"y":0},"t":0,"s":[102,374,0],"to":[13.333,0,0],"ti":[-13.333,0,0]},{"i":{"x":0.335,"y":0.335},"o":{"x":0.333,"y":0.333},"t":45,"s":[182,374,0],"to":[0,0,0],"ti":[0,0,0]},{"i":{"x":0.268,"y":1},"o":{"x":0.621,"y":0},"t":54,"s":[182,374,0],"to":[-13.333,0,0],"ti":[13.333,0,0]},{"t":90.0000036657751,"s":[102,374,0]}],"ix":2,"l":2},"a":{"a":0,"k":[84.5,244.5,0],"ix":1,"l":2},"s":{"a":0,"k":[100,100,100],"ix":6,"l":2}},"ao":0,"shapes":[{"ty":"gr","it":[{"ind":0,"ty":"sh","ix":1,"ks":{"a":1,"k":[{"i":{"x":0.206,"y":1},"o":{"x":0.561,"y":0},"t":0,"s":[{"i":[[0,0],[-7.827,-6.975],[-7.532,-0.088],[0,0]],"o":[[0,0],[7.827,6.974],[7.531,0.087],[0,0]],"v":[[-24.709,-13.72],[34.018,9.574],[-34.313,-16.46],[-25.391,-13.8]],"c":false}]},{"i":{"x":0.335,"y":1},"o":{"x":0.333,"y":0},"t":45,"s":[{"i":[[0,0],[-7.827,-6.975],[-7.532,-0.088],[0,0]],"o":[[0,0],[7.827,6.974],[7.531,0.087],[0,0]],"v":[[-35.209,-32.72],[23.518,-9.426],[-44.813,-35.46],[-35.891,-32.8]],"c":false}]},{"i":{"x":0.268,"y":1},"o":{"x":0.621,"y":0},"t":54,"s":[{"i":[[0,0],[-7.827,-6.975],[-7.532,-0.088],[0,0]],"o":[[0,0],[7.827,6.974],[7.531,0.087],[0,0]],"v":[[-35.209,-32.72],[23.518,-9.426],[-44.813,-35.46],[-35.891,-32.8]],"c":false}]},{"t":90.0000036657751,"s":[{"i":[[0,0],[-7.827,-6.975],[-7.532,-0.088],[0,0]],"o":[[0,0],[7.827,6.974],[7.531,0.087],[0,0]],"v":[[-24.709,-13.72],[34.018,9.574],[-34.313,-16.46],[-25.391,-13.8]],"c":false}]}],"ix":2},"nm":"Path 1","mn":"ADBE Vector Shape - Group","hd":false},{"ty":"fl","c":{"a":0,"k":[0.239215701234,0.372549019608,0.596078431373,1],"ix":4},"o":{"a":0,"k":100,"ix":5},"r":1,"bm":0,"nm":"Fill 1","mn":"ADBE Vector Graphic - Fill","hd":false},{"ty":"tr","p":{"a":0,"k":[94.951,472.102],"ix":2},"a":{"a":0,"k":[0,0],"ix":1},"s":{"a":0,"k":[100,100],"ix":3},"r":{"a":0,"k":0,"ix":6},"o":{"a":0,"k":100,"ix":7},"sk":{"a":0,"k":0,"ix":4},"sa":{"a":0,"k":0,"ix":5},"nm":"Transform"}],"nm":"Group 1","np":2,"cix":2,"bm":0,"ix":1,"mn":"ADBE Vector Group","hd":false},{"ty":"gr","it":[{"ind":0,"ty":"sh","ix":1,"ks":{"a":0,"k":{"i":[[0,0],[0,0]],"o":[[0,0],[0,0]],"v":[[1.919,-65.862],[-1.919,65.862]],"c":false},"ix":2},"nm":"Path 1","mn":"ADBE Vector Shape - Group","hd":false},{"ty":"st","c":{"a":0,"k":[0.254901960784,0.415686304429,0.643137254902,1],"ix":3},"o":{"a":0,"k":100,"ix":4},"w":{"a":0,"k":3,"ix":5},"lc":2,"lj":1,"ml":10,"bm":0,"nm":"Stroke 1","mn":"ADBE Vector Graphic - Stroke","hd":false},{"ty":"tr","p":{"a":0,"k":[64.482,386.06],"ix":2},"a":{"a":0,"k":[0,0],"ix":1},"s":{"a":0,"k":[100,100],"ix":3},"r":{"a":0,"k":0,"ix":6},"o":{"a":0,"k":100,"ix":7},"sk":{"a":0,"k":0,"ix":4},"sa":{"a":0,"k":0,"ix":5},"nm":"Transform"}],"nm":"Group 2","np":2,"cix":2,"bm":0,"ix":2,"mn":"ADBE Vector Group","hd":false},{"ty":"gr","it":[{"ind":0,"ty":"sh","ix":1,"ks":{"a":0,"k":{"i":[[-67.517,-3.823],[21.099,187.35],[0,0]],"o":[[0,0],[-21.099,-187.351],[0,0]],"v":[[7.837,192.13],[38.581,-4.779],[-13.551,-60.22]],"c":true},"ix":2},"nm":"Path 1","mn":"ADBE Vector Shape - Group","hd":false},{"ty":"fl","c":{"a":0,"k":[0.247058838489,0.596078431373,0.627450980392,1],"ix":4},"o":{"a":0,"k":100,"ix":5},"r":1,"bm":0,"nm":"Fill 1","mn":"ADBE Vector Graphic - Fill","hd":false},{"ty":"tr","p":{"a":0,"k":[59.93,227.421],"ix":2},"a":{"a":0,"k":[0,0],"ix":1},"s":{"a":0,"k":[100,100],"ix":3},"r":{"a":0,"k":0,"ix":6},"o":{"a":0,"k":100,"ix":7},"sk":{"a":0,"k":0,"ix":4},"sa":{"a":0,"k":0,"ix":5},"nm":"Transform"}],"nm":"Group 3","np":2,"cix":2,"bm":0,"ix":3,"mn":"ADBE Vector Group","hd":false}],"ip":0,"op":105.000004276738,"st":0,"bm":0},{"ddd":0,"ind":7,"ty":4,"nm":"tree back left/home Outlines","sr":1,"ks":{"o":{"a":0,"k":100,"ix":11},"r":{"a":0,"k":0,"ix":10},"p":{"a":1,"k":[{"i":{"x":0.206,"y":1},"o":{"x":0.561,"y":0},"t":0,"s":[110,374,0],"to":[18.667,0,0],"ti":[-18.667,0,0]},{"i":{"x":0.335,"y":0.335},"o":{"x":0.333,"y":0.333},"t":45,"s":[222,374,0],"to":[0,0,0],"ti":[0,0,0]},{"i":{"x":0.268,"y":1},"o":{"x":0.621,"y":0},"t":54,"s":[222,374,0],"to":[-18.667,0,0],"ti":[18.667,0,0]},{"t":90.0000036657751,"s":[110,374,0]}],"ix":2,"l":2},"a":{"a":0,"k":[84.5,244.5,0],"ix":1,"l":2},"s":{"a":0,"k":[100,100,100],"ix":6,"l":2}},"ao":0,"shapes":[{"ty":"gr","it":[{"ind":0,"ty":"sh","ix":1,"ks":{"a":0,"k":{"i":[[0,0],[0,0]],"o":[[0,0],[0,0]],"v":[[1.919,-67.445],[-1.919,67.445]],"c":false},"ix":2},"nm":"Path 1","mn":"ADBE Vector Shape - Group","hd":false},{"ty":"st","c":{"a":0,"k":[0.254901960784,0.415686304429,0.643137254902,1],"ix":3},"o":{"a":0,"k":100,"ix":4},"w":{"a":0,"k":3,"ix":5},"lc":2,"lj":1,"ml":10,"bm":0,"nm":"Stroke 1","mn":"ADBE Vector Graphic - Stroke","hd":false},{"ty":"tr","p":{"a":0,"k":[113.27,349.436],"ix":2},"a":{"a":0,"k":[0,0],"ix":1},"s":{"a":0,"k":[100,100],"ix":3},"r":{"a":0,"k":0,"ix":6},"o":{"a":0,"k":100,"ix":7},"sk":{"a":0,"k":0,"ix":4},"sa":{"a":0,"k":0,"ix":5},"nm":"Transform"}],"nm":"Group 4","np":2,"cix":2,"bm":0,"ix":1,"mn":"ADBE Vector Group","hd":false},{"ty":"gr","it":[{"ind":0,"ty":"sh","ix":1,"ks":{"a":0,"k":{"i":[[-67.517,-3.823],[21.099,187.35],[0,0]],"o":[[0,0],[-21.099,-187.351],[0,0]],"v":[[7.837,192.13],[38.581,-4.779],[-13.55,-60.22]],"c":true},"ix":2},"nm":"Path 1","mn":"ADBE Vector Shape - Group","hd":false},{"ty":"fl","c":{"a":0,"k":[0.235294132607,0.564705882353,0.619607843137,1],"ix":4},"o":{"a":0,"k":100,"ix":5},"r":1,"bm":0,"nm":"Fill 1","mn":"ADBE Vector Graphic - Fill","hd":false},{"ty":"tr","p":{"a":0,"k":[108.718,192.38],"ix":2},"a":{"a":0,"k":[0,0],"ix":1},"s":{"a":0,"k":[100,100],"ix":3},"r":{"a":0,"k":0,"ix":6},"o":{"a":0,"k":100,"ix":7},"sk":{"a":0,"k":0,"ix":4},"sa":{"a":0,"k":0,"ix":5},"nm":"Transform"}],"nm":"Group 5","np":2,"cix":2,"bm":0,"ix":2,"mn":"ADBE Vector Group","hd":false}],"ip":0,"op":105.000004276738,"st":0,"bm":0},{"ddd":0,"ind":8,"ty":4,"nm":"cloud2/home Outlines","sr":1,"ks":{"o":{"a":0,"k":100,"ix":11},"r":{"a":0,"k":0,"ix":10},"p":{"a":1,"k":[{"i":{"x":0.148,"y":1},"o":{"x":0.687,"y":0},"t":0,"s":[142,216,0],"to":[16.667,0,0],"ti":[-16.667,0,0]},{"i":{"x":0.277,"y":0.277},"o":{"x":0.333,"y":0.333},"t":45,"s":[242,216,0],"to":[0,0,0],"ti":[0,0,0]},{"i":{"x":0.268,"y":1},"o":{"x":0.621,"y":0},"t":54,"s":[242,216,0],"to":[-16.667,0,0],"ti":[16.667,0,0]},{"t":90.0000036657751,"s":[142,216,0]}],"ix":2,"l":2},"a":{"a":0,"k":[156.5,56,0],"ix":1,"l":2},"s":{"a":0,"k":[77,77,100],"ix":6,"l":2}},"ao":0,"shapes":[{"ty":"gr","it":[{"ind":0,"ty":"sh","ix":1,"ks":{"a":0,"k":{"i":[[0,0],[15.127,3.669],[-45.859,7.337],[0,0],[-53.197,11.007],[-23.847,-1.835],[-7.336,-40.45]],"o":[[0,0],[-15.127,-3.669],[45.86,-7.338],[0,0],[53.198,-11.006],[23.847,1.834],[7.338,40.45]],"v":[[108.23,41.384],[-140.796,51.822],[-104.561,7.797],[-50.446,15.134],[-25.682,-44.484],[70.624,-0.458],[148.585,-13.392]],"c":true},"ix":2},"nm":"Path 1","mn":"ADBE Vector Shape - Group","hd":false},{"ty":"fl","c":{"a":0,"k":[0.968627510819,0.968627510819,0.968627510819,1],"ix":4},"o":{"a":0,"k":100,"ix":5},"r":1,"bm":0,"nm":"Fill 1","mn":"ADBE Vector Graphic - Fill","hd":false},{"ty":"tr","p":{"a":0,"k":[156.173,55.74],"ix":2},"a":{"a":0,"k":[0,0],"ix":1},"s":{"a":0,"k":[100,100],"ix":3},"r":{"a":0,"k":0,"ix":6},"o":{"a":0,"k":100,"ix":7},"sk":{"a":0,"k":0,"ix":4},"sa":{"a":0,"k":0,"ix":5},"nm":"Transform"}],"nm":"Group 1","np":2,"cix":2,"bm":0,"ix":1,"mn":"ADBE Vector Group","hd":false}],"ip":0,"op":105.000004276738,"st":0,"bm":0},{"ddd":0,"ind":9,"ty":4,"nm":"tree back right/home Outlines","sr":1,"ks":{"o":{"a":0,"k":100,"ix":11},"r":{"a":0,"k":0,"ix":10},"p":{"a":1,"k":[{"i":{"x":0.042,"y":1},"o":{"x":0.734,"y":0},"t":0,"s":[548,376,0],"to":[11.667,0,0],"ti":[-8.333,0,0]},{"i":{"x":0.335,"y":1},"o":{"x":0.353,"y":0},"t":45,"s":[618,376,0],"to":[8.275,0,0],"ti":[-8.333,0,0]},{"i":{"x":0.335,"y":1},"o":{"x":0.353,"y":0},"t":46,"s":[618,376,0],"to":[8.275,0,0],"ti":[-8.333,0,0]},{"i":{"x":0.335,"y":1},"o":{"x":0.353,"y":0},"t":47,"s":[618,376,0],"to":[8.275,0,0],"ti":[-8.333,0,0]},{"i":{"x":0.335,"y":1},"o":{"x":0.353,"y":0},"t":48,"s":[618,376,0],"to":[8.275,0,0],"ti":[-8.333,0,0]},{"i":{"x":0.335,"y":1},"o":{"x":0.353,"y":0},"t":49,"s":[618,376,0],"to":[8.275,0,0],"ti":[-8.333,0,0]},{"i":{"x":0.335,"y":1},"o":{"x":0.353,"y":0},"t":50,"s":[618,376,0],"to":[8.275,0,0],"ti":[-8.333,0,0]},{"i":{"x":0.335,"y":1},"o":{"x":0.353,"y":0},"t":51,"s":[618,376,0],"to":[8.275,0,0],"ti":[-8.333,0,0]},{"i":{"x":0.335,"y":1},"o":{"x":0.353,"y":0},"t":52,"s":[618,376,0],"to":[8.275,0,0],"ti":[-8.333,0,0]},{"i":{"x":0.335,"y":1},"o":{"x":0.353,"y":0},"t":53,"s":[618,376,0],"to":[8.275,0,0],"ti":[-8.333,0,0]},{"i":{"x":0.072,"y":1},"o":{"x":0.687,"y":0},"t":54,"s":[618,376,0],"to":[8.275,0,0],"ti":[11.667,0,0]},{"t":90.0000036657751,"s":[548,376,0]}],"ix":2,"l":2},"a":{"a":0,"k":[74,209.5,0],"ix":1,"l":2},"s":{"a":0,"k":[100,100,100],"ix":6,"l":2}},"ao":0,"shapes":[{"ty":"gr","it":[{"ind":0,"ty":"sh","ix":1,"ks":{"a":0,"k":{"i":[[0,0],[0,0]],"o":[[0,0],[0,0]],"v":[[1.919,-98.188],[-1.919,98.188]],"c":false},"ix":2},"nm":"Path 1","mn":"ADBE Vector Shape - Group","hd":false},{"ty":"st","c":{"a":0,"k":[0.254901960784,0.415686304429,0.643137254902,1],"ix":3},"o":{"a":0,"k":100,"ix":4},"w":{"a":0,"k":3,"ix":5},"lc":2,"lj":1,"ml":10,"bm":0,"nm":"Stroke 1","mn":"ADBE Vector Graphic - Stroke","hd":false},{"ty":"tr","p":{"a":0,"k":[77.997,318.693],"ix":2},"a":{"a":0,"k":[0,0],"ix":1},"s":{"a":0,"k":[100,100],"ix":3},"r":{"a":0,"k":0,"ix":6},"o":{"a":0,"k":100,"ix":7},"sk":{"a":0,"k":0,"ix":4},"sa":{"a":0,"k":0,"ix":5},"nm":"Transform"}],"nm":"Group 1","np":2,"cix":2,"bm":0,"ix":1,"mn":"ADBE Vector Group","hd":false},{"ty":"gr","it":[{"ind":0,"ty":"sh","ix":1,"ks":{"a":0,"k":{"i":[[-83.046,-3.823],[25.953,187.35],[0,0]],"o":[[0,0],[-25.952,-187.351],[0,0]],"v":[[9.639,192.13],[47.454,-4.779],[-16.668,-60.22]],"c":true},"ix":2},"nm":"Path 1","mn":"ADBE Vector Shape - Group","hd":false},{"ty":"fl","c":{"a":0,"k":[0.243137269862,0.658823529412,0.654901960784,1],"ix":4},"o":{"a":0,"k":100,"ix":5},"r":1,"bm":0,"nm":"Fill 1","mn":"ADBE Vector Graphic - Fill","hd":false},{"ty":"tr","p":{"a":0,"k":[73.657,192.38],"ix":2},"a":{"a":0,"k":[0,0],"ix":1},"s":{"a":0,"k":[100,100],"ix":3},"r":{"a":0,"k":0,"ix":6},"o":{"a":0,"k":100,"ix":7},"sk":{"a":0,"k":0,"ix":4},"sa":{"a":0,"k":0,"ix":5},"nm":"Transform"}],"nm":"Group 2","np":2,"cix":2,"bm":0,"ix":2,"mn":"ADBE Vector Group","hd":false}],"ip":0,"op":105.000004276738,"st":0,"bm":0},{"ddd":0,"ind":10,"ty":4,"nm":"cloud1/home Outlines","sr":1,"ks":{"o":{"a":0,"k":100,"ix":11},"r":{"a":0,"k":0,"ix":10},"p":{"a":1,"k":[{"i":{"x":0.2,"y":1},"o":{"x":0.658,"y":0},"t":0,"s":[602,144,0],"to":[-13.333,0,0],"ti":[13.333,0,0]},{"i":{"x":0.2,"y":0.2},"o":{"x":0.333,"y":0.333},"t":45,"s":[522,144,0],"to":[0,0,0],"ti":[0,0,0]},{"i":{"x":0.137,"y":1},"o":{"x":0.474,"y":0},"t":54,"s":[522,144,0],"to":[13.333,0,0],"ti":[-13.333,0,0]},{"t":90.0000036657751,"s":[602,144,0]}],"ix":2,"l":2},"a":{"a":0,"k":[178.5,60.5,0],"ix":1,"l":2},"s":{"a":0,"k":[78,78,100],"ix":6,"l":2}},"ao":0,"shapes":[{"ty":"gr","it":[{"ind":0,"ty":"sh","ix":1,"ks":{"a":0,"k":{"i":[[-21.647,-0.76],[-10.038,8.708],[120.452,8.708],[31.927,8.707],[23.219,-20.317],[4.354,7.257],[-7.256,-29.025],[-28.34,3.87]],"o":[[0,0],[10.039,-8.708],[0,0],[-31.927,-8.708],[-23.221,20.317],[-4.354,-7.255],[7.257,29.024],[28.34,-3.87]],"v":[[-76.189,51.519],[163.384,51.519],[57.325,12.335],[66.031,-51.519],[-66.031,-16.689],[-116.825,25.396],[-170.521,19.592],[-104.53,55.389]],"c":true},"ix":2},"nm":"Path 1","mn":"ADBE Vector Shape - Group","hd":false},{"ty":"fl","c":{"a":0,"k":[0.956862804936,0.956862804936,0.956862804936,1],"ix":4},"o":{"a":0,"k":100,"ix":5},"r":1,"bm":0,"nm":"Fill 1","mn":"ADBE Vector Graphic - Fill","hd":false},{"ty":"tr","p":{"a":0,"k":[178.026,60.477],"ix":2},"a":{"a":0,"k":[0,0],"ix":1},"s":{"a":0,"k":[100,100],"ix":3},"r":{"a":0,"k":0,"ix":6},"o":{"a":0,"k":100,"ix":7},"sk":{"a":0,"k":0,"ix":4},"sa":{"a":0,"k":0,"ix":5},"nm":"Transform"}],"nm":"Group 1","np":2,"cix":2,"bm":0,"ix":1,"mn":"ADBE Vector Group","hd":false}],"ip":0,"op":105.000004276738,"st":0,"bm":0}],"markers":[]}