{"assets/design_course/design_course.png":["assets/design_course/design_course.png"],"assets/design_course/interFace1.png":["assets/design_course/interFace1.png"],"assets/design_course/interFace2.png":["assets/design_course/interFace2.png"],"assets/design_course/interFace3.png":["assets/design_course/interFace3.png"],"assets/design_course/interFace4.png":["assets/design_course/interFace4.png"],"assets/design_course/userImage.png":["assets/design_course/userImage.png"],"assets/design_course/webInterFace.png":["assets/design_course/webInterFace.png"],"assets/fitness_app/area1.png":["assets/fitness_app/area1.png"],"assets/fitness_app/area2.png":["assets/fitness_app/area2.png"],"assets/fitness_app/area3.png":["assets/fitness_app/area3.png"],"assets/fitness_app/back.png":["assets/fitness_app/back.png"],"assets/fitness_app/bell.png":["assets/fitness_app/bell.png"],"assets/fitness_app/bottle.png":["assets/fitness_app/bottle.png"],"assets/fitness_app/breakfast.png":["assets/fitness_app/breakfast.png"],"assets/fitness_app/burned.png":["assets/fitness_app/burned.png"],"assets/fitness_app/dinner.png":["assets/fitness_app/dinner.png"],"assets/fitness_app/eaten.png":["assets/fitness_app/eaten.png"],"assets/fitness_app/fitness_app.png":["assets/fitness_app/fitness_app.png"],"assets/fitness_app/glass.png":["assets/fitness_app/glass.png"],"assets/fitness_app/lunch.png":["assets/fitness_app/lunch.png"],"assets/fitness_app/runner.png":["assets/fitness_app/runner.png"],"assets/fitness_app/snack.png":["assets/fitness_app/snack.png"],"assets/fitness_app/tab_1.png":["assets/fitness_app/tab_1.png"],"assets/fitness_app/tab_1s.png":["assets/fitness_app/tab_1s.png"],"assets/fitness_app/tab_2.png":["assets/fitness_app/tab_2.png"],"assets/fitness_app/tab_2s.png":["assets/fitness_app/tab_2s.png"],"assets/fitness_app/tab_3.png":["assets/fitness_app/tab_3.png"],"assets/fitness_app/tab_3s.png":["assets/fitness_app/tab_3s.png"],"assets/fitness_app/tab_4.png":["assets/fitness_app/tab_4.png"],"assets/fitness_app/tab_4s.png":["assets/fitness_app/tab_4s.png"],"assets/fonts/Roboto-Bold.ttf":["assets/fonts/Roboto-Bold.ttf"],"assets/fonts/Roboto-Medium.ttf":["assets/fonts/Roboto-Medium.ttf"],"assets/fonts/Roboto-Regular.ttf":["assets/fonts/Roboto-Regular.ttf"],"assets/fonts/WorkSans-Bold.ttf":["assets/fonts/WorkSans-Bold.ttf"],"assets/fonts/WorkSans-Medium.ttf":["assets/fonts/WorkSans-Medium.ttf"],"assets/fonts/WorkSans-Regular.ttf":["assets/fonts/WorkSans-Regular.ttf"],"assets/fonts/WorkSans-SemiBold.ttf":["assets/fonts/WorkSans-SemiBold.ttf"],"assets/hotel/bronte.jpg":["assets/hotel/bronte.jpg"],"assets/hotel/cresta.jpg":["assets/hotel/cresta.jpg"],"assets/hotel/hotel_1.png":["assets/hotel/hotel_1.png"],"assets/hotel/hotel_2.png":["assets/hotel/hotel_2.png"],"assets/hotel/hotel_3.png":["assets/hotel/hotel_3.png"],"assets/hotel/hotel_4.png":["assets/hotel/hotel_4.png"],"assets/hotel/hotel_5.png":["assets/hotel/hotel_5.png"],"assets/hotel/hotel_booking.png":["assets/hotel/hotel_booking.png"],"assets/hotel/meikles.jpg":["assets/hotel/meikles.jpg"],"assets/hotel/rainbow.jpg":["assets/hotel/rainbow.jpg"],"assets/images/feedbackImage.png":["assets/images/feedbackImage.png"],"assets/images/helpImage.png":["assets/images/helpImage.png"],"assets/images/home.json":["assets/images/home.json"],"assets/images/home_chat.json":["assets/images/home_chat.json"],"assets/images/inviteImage.png":["assets/images/inviteImage.png"],"assets/images/supportIcon.png":["assets/images/supportIcon.png"],"assets/images/userImage.png":["assets/images/userImage.png"],"assets/introduction_animation/care_image.png":["assets/introduction_animation/care_image.png"],"assets/introduction_animation/introduction_animation.png":["assets/introduction_animation/introduction_animation.png"],"assets/introduction_animation/introduction_image.png":["assets/introduction_animation/introduction_image.png"],"assets/introduction_animation/mood_dairy_image.png":["assets/introduction_animation/mood_dairy_image.png"],"assets/introduction_animation/relax_image.png":["assets/introduction_animation/relax_image.png"],"assets/introduction_animation/welcome.png":["assets/introduction_animation/welcome.png"],"packages/cupertino_icons/assets/CupertinoIcons.ttf":["packages/cupertino_icons/assets/CupertinoIcons.ttf"],"packages/flutter_map/lib/assets/flutter_map_logo.png":["packages/flutter_map/lib/assets/flutter_map_logo.png"],"packages/font_awesome_flutter/lib/fonts/fa-brands-400.ttf":["packages/font_awesome_flutter/lib/fonts/fa-brands-400.ttf"],"packages/font_awesome_flutter/lib/fonts/fa-regular-400.ttf":["packages/font_awesome_flutter/lib/fonts/fa-regular-400.ttf"],"packages/font_awesome_flutter/lib/fonts/fa-solid-900.ttf":["packages/font_awesome_flutter/lib/fonts/fa-solid-900.ttf"],"packages/m_toast/assets/images/error.png":["packages/m_toast/assets/images/error.png"]}