[{"family":"MaterialIcons","fonts":[{"asset":"fonts/MaterialIcons-Regular.otf"}]},{"family":"WorkSans","fonts":[{"asset":"assets/fonts/WorkSans-Regular.ttf"},{"weight":500,"asset":"assets/fonts/WorkSans-Medium.ttf"},{"weight":600,"asset":"assets/fonts/WorkSans-SemiBold.ttf"},{"weight":700,"asset":"assets/fonts/WorkSans-Bold.ttf"}]},{"family":"Roboto","fonts":[{"asset":"assets/fonts/Roboto-Bold.ttf"},{"asset":"assets/fonts/Roboto-Regular.ttf"},{"weight":400,"asset":"assets/fonts/Roboto-Medium.ttf"}]},{"family":"packages/cupertino_icons/CupertinoIcons","fonts":[{"asset":"packages/cupertino_icons/assets/CupertinoIcons.ttf"}]},{"family":"packages/font_awesome_flutter/FontAwesomeBrands","fonts":[{"weight":400,"asset":"packages/font_awesome_flutter/lib/fonts/fa-brands-400.ttf"}]},{"family":"packages/font_awesome_flutter/FontAwesomeRegular","fonts":[{"weight":400,"asset":"packages/font_awesome_flutter/lib/fonts/fa-regular-400.ttf"}]},{"family":"packages/font_awesome_flutter/FontAwesomeSolid","fonts":[{"weight":900,"asset":"packages/font_awesome_flutter/lib/fonts/fa-solid-900.ttf"}]}]